date,lane,cover_city,sky_condition,score,confidence,media_id,hook
2026-09-23,daily_carousel,Chicago,perfect,9,18004520915989533,"Chicago, you're getting 62°F. Swipe to find your city. 👇"
2026-09-24,daily_carousel,NYC,cloudy,STEADY,change,17969717583156048,NYC: 12° between the commute in and the commute home. Swipe for your city. 👇
2026-09-25,daily_carousel,Denver,cloudy,STEADY,change,17983938504081404,Denver: 22° of change between leaving and getting back. Swipe for your city. 👇
2026-09-26,daily_carousel,Denver,cloudy,LAYERED,change,18111499858875369,Denver: 32° of change between leaving and getting back. Swipe for your city. 👇
2026-09-27,daily_carousel,Denver,cloudy,LAYERED,change,17902691574595911,Denver: 30° of change between leaving and getting back. Swipe for your city. 👇
2026-09-28,daily_carousel,Atlanta,partly_cloudy,LAYERED,change,18130020149495097,Atlanta: the day moves 29° while you are out in it. Swipe for your city. 👇
2026-09-29,daily_carousel,Atlanta,clear,LAYERED,change,18110566799125199,Atlanta: the day moves 29° while you are out in it. Swipe for your city. 👇
2026-09-30,daily_carousel,Atlanta,partly_cloudy,LAYERED,change,18097941800540284,Atlanta: the day moves 28° while you are out in it. Swipe for your city. 👇
2026-10-01,daily_carousel,Denver,cloudy,LAYERED,change,17933546190401312,Denver: 24° of change between leaving and getting back. Swipe for your city. 👇
2026-10-02,daily_carousel,Denver,clear,SHIFTING,change,18105939041623623,Denver: 34° of change between leaving and getting back. Swipe for your city. 👇
2026-10-03,daily_carousel,Denver,clear,SHIFTING,change,18096485588109400,Denver: 33° of change between leaving and getting back. Swipe for your city. 👇
2026-10-04,daily_carousel,Denver,clear,SHIFTING,change,17990430120026014,Denver: 34° of change between leaving and getting back. Swipe for your city. 👇
2026-10-05,daily_carousel,Chicago,clear,LAYERED,change,18105344878967069,Chicago: 18° apart from the morning walk to the evening one. Swipe for your city. 👇
2026-10-06,daily_carousel,Denver,clear,SHIFTING,change,17951674524335250,"Denver: 35° of change between leaving and getting back. Swipe for your city. 👇"
